{"account_remaining": 3610, "balance": 18.430913348946135, "last_time": 1489886996.3186233}