{"account_remaining": 4632, "balance": -95.04225352112677, "last_time": 1493511311.748169}